https://www.amazon.com/Apple-iPhone-12-64GB-Black/dp/B08PP5MSVB/ref=sr_1_1?dchild=1&keywords=iphone+12+unlocked&qid=1623905491&sr=8-1,712.44
https://www.amazon.com/New-Apple-Watch-GPS-44mm-Aluminum/dp/B08J5P53JK/ref=sr_1_3?dchild=1&keywords=apple%2Bwatch&qid=1623910576&sr=8-3&th=1,349
https://www.amazon.com/2021-Apple-12-9-inch-Wi%E2%80%91Fi-128GB/dp/B0932CJZ22/ref=sr_1_1_sspa?dchild=1&keywords=ipad%2Bpro&qid=1623910813&refinements=p_89%3AApple&rnid=2528832011&s=electronics&sr=1-1-spons&spLa=ZW5jcnlwdGVkUXVhbGlmaWVyPUEzOE5IUlZYTkwzR1pTJmVuY3J5cHRlZElkPUEwNDQ0MDczMUhZT0RMRU5LQzhSOSZlbmNyeXB0ZWRBZElkPUEwNzkzNjEwMTlRODgxR0pQWjZTVCZ3aWRnZXROYW1lPXNwX2F0ZiZhY3Rpb249Y2xpY2tSZWRpcmVjdCZkb05vdExvZ0NsaWNrPXRydWU&th=1,1199
https://www.amazon.com/Apple-Leather-Wallet-MagSafe-iPhone/dp/B08L5NKGNG/ref=sr_1_4?dchild=1&keywords=magsafe%2Bwallet&qid=1623910901&s=electronics&sr=1-4&th=1,49.55
https://www.amazon.com/New-Apple-Watch-GPS-44mm-Aluminum/dp/B08J5QC43Q/ref=sr_1_3?dchild=1&keywords=apple%2Bwatch&qid=1623910576&sr=8-3&th=1,319
https://www.novatcg.com/product/bd-we35-09sp-astral-harmony%e8%8a%b1%e5%9c%92%e3%81%9f%e3%81%88/,59.99
https://www.novatcg.com/product/bd-en-w03-106-band-are-about-support-kasumi-tae/,0.5
https://www.novatcg.com/product/bd-en-w03-094h-poppin-colors-tae-hanazono/,3.99
https://www.novatcg.com/product/bd-en-w03-094s-poppin-colors-tae-hanazono/,4.99
https://www.novatcg.com/product/bd-en-w03-092-a-favor-i-will-never-forget-tae-hanazono/,0.99
https://www.novatcg.com/product/bd-en-w03-106-band-are-about-support-kasumi-tae/,0.5
https://www.novatcg.com/product/bd-en-w03-094s-poppin-colors-tae-hanazono/,4.99
https://www.amazon.com/dp/B07QRB9CW8,9.99
